place_id,name,description,is_spending_on_ads,reviews,competitors,website,owner_name,owner_profile_link,featured_image,main_category,categories,rating,workday_timing,closed_on,phone,address,review_keywords,link
ChIJ8WlwPi8XrjsRoio8OS1brLw,"Zinavo - Web Design Company in Bangalore, Web Development, SEO Services, Digital Marketing Agency, eCommerce Web Development",,False,684,"Name: SeekNEO - Web Design Company in Bangalore, Web Development, SEO Services, Digital Marketing Agency, eCommerce Web Development
link: https://www.google.com/maps/search/SeekNEO+-+Web+Design+Company+in+Bangalore%2C+Web+Development%2C+SEO+Services%2C+Digital+Marketing+Agency%2C+eCommerce+Web+Development/@12.9863763,77.5473899?authuser=0&hl=en&entry=ttu
Reviews: 466 reviews

Name: SEODigitz - Web Design & Ecommerce Web Development, SEO Company Bangalore
link: https://www.google.com/maps/search/SEODigitz+-+Web+Design+%26+Ecommerce+Web+Development%2C+SEO+Company+Bangalore/@13.005080399999999,77.6628083?authuser=0&hl=en&entry=ttu
Reviews: 204 reviews

Name: WebzPlot
link: https://www.google.com/maps/search/WebzPlot/@12.8826267,77.5832428?authuser=0&hl=en&entry=ttu
Reviews: 51 reviews

Name: Bangalore AdSolutions Website Designing Company | Logo Designing | Digital Marketing Agency
link: https://www.google.com/maps/search/Bangalore+AdSolutions+Website+Designing+Company+%7C+Logo+Designing+%7C+Digital+Marketing+Agency/@13.01296,77.6483761?authuser=0&hl=en&entry=ttu
Reviews: 27 reviews",https://www.zinavo.com/,"Zinavo - Web Design Company in Bangalore, Web Development, SEO Services, Digital Marketing Agency, eCommerce Web Development (Owner)",https://www.google.com/maps/contrib/116607083819902816970,https://lh5.googleusercontent.com/p/AF1QipMjlMvH3ZjLau10dM6ZgMMoGU-FMWO6ez6aoYD8=w408-h272-k-no,Website designer,"Website designer, Internet marketing service, Software company",4.6,9 am-10 pm,Sunday,080 4153 1025,"Zinavo - Web Design Company in Bangalore, Web Development, SEO Services, Digital Marketing Agency, eCommerce Web Development, R.K.Plaza, # 31,2nd Floor, 2nd Cross Rd, Subbaiahnapalya, Banaswadi, Bengaluru, Karnataka 560043","deliver, future, work, requirements, choice, deadlines, plans, pvt ltd, discussion, led","https://www.google.com/maps/place/Zinavo+-+Web+Design+Company+in+Bangalore,+Web+Development,+SEO+Services,+Digital+Marketing+Agency,+eCommerce+Web+Development/data=!4m7!3m6!1s0x3bae172f3e7069f1:0xbcac5b2d393c2aa2!8m2!3d13.01443!4d77.6480612!16s%2Fg%2F11h0l3y9l!19sChIJ8WlwPi8XrjsRoio8OS1brLw?authuser=0&hl=en&rclk=1"
ChIJQWbMS6wTrjsRUVo97n2K9Bs,"SeekNEO - Web Design Company in Bangalore, Web Development, SEO Services, Digital Marketing Agency, eCommerce Web Development",,False,466,"Name: GSearch | Website Designers Company in Bangalore, SEO, Logo, Ecommerce Development
link: https://www.google.com/maps/search/GSearch+%7C+Website+Designers+Company+in+Bangalore%2C+SEO%2C+Logo%2C+Ecommerce+Development/@12.9845423,77.5502528?authuser=0&hl=en&entry=ttu
Reviews: 126 reviews

Name: EEZYY WEB
link: https://www.google.com/maps/search/EEZYY+WEB/@12.922264499999999,77.5860466?authuser=0&hl=en&entry=ttu
Reviews: 64 reviews

Name: Webgen
link: https://www.google.com/maps/search/Webgen/@12.919852299999999,77.6074941?authuser=0&hl=en&entry=ttu
Reviews: 37 reviews

Name: Website Design Company in Bangalore | SEO Company in Bangalore
link: https://www.google.com/maps/search/Website+Design+Company+in+Bangalore+%7C+SEO+Company+in+Bangalore/@12.9982134,77.55840169999999?authuser=0&hl=en&entry=ttu
Reviews: 4 reviews",https://www.seekneo.com/,"SeekNEO - Web Design Company in Bangalore, Web Development, SEO Services, Digital Marketing Agency, eCommerce Web Development (Owner)",https://www.google.com/maps/contrib/117148857706570628134,https://lh5.googleusercontent.com/p/AF1QipPTRrpUQ4bJIz7a6hGkpBgeV_D78WBoYBBfiltc=w408-h342-k-no,Website designer,Website designer,4.8,9:30 am-9:30 pm,"Monday, Sunday",063646 15154,"SeekNEO - Web Design Company in Bangalore, Web Development, SEO Services, Digital Marketing Agency, eCommerce Web Development, #286,Rajesh complex, 6th phase 1st stage, Rajaji Nagar Industrial Town, Bengaluru, Karnataka 560044","work, requirements, job, understanding, developers, deliver, app development, good services, skilled, learn","https://www.google.com/maps/place/SeekNEO+-+Web+Design+Company+in+Bangalore,+Web+Development,+SEO+Services,+Digital+Marketing+Agency,+eCommerce+Web+Development/data=!4m7!3m6!1s0x3bae13ac4bcc6641:0x1bf48a7dee3d5a51!8m2!3d12.9863763!4d77.5473899!16s%2Fg%2F11g2338zrl!19sChIJQWbMS6wTrjsRUVo97n2K9Bs?authuser=0&hl=en&rclk=1"
ChIJKZmoZkUUrjsRG5hdHooWJ2Y,"Webomindapps - Web Design Company in Bangalore, Web Application Development,eCommerce Web Development",,False,141,"Name: Vistas - Web Design Company in Bangalore, Web Development, SEO Services, Digital Marketing, eCommerce Website Developers
link: https://www.google.com/maps/search/Vistas+-+Web+Design+Company+in+Bangalore%2C+Web+Development%2C+SEO+Services%2C+Digital+Marketing%2C+eCommerce+Website+Developers/@12.941714099999999,77.6228144?authuser=0&hl=en&entry=ttu
Reviews: 115 reviews

Name: OmkarSoft
link: https://www.google.com/maps/search/OmkarSoft/@12.9421954,77.6209776?authuser=0&hl=en&entry=ttu
Reviews: 82 reviews

Name: Web Feb
link: https://www.google.com/maps/search/Web+Feb/@12.9343399,77.56257939999999?authuser=0&hl=en&entry=ttu
Reviews: 50 reviews

Name: Webgen
link: https://www.google.com/maps/search/Webgen/@12.919852299999999,77.6074941?authuser=0&hl=en&entry=ttu
Reviews: 37 reviews",https://www.webomindapps.com/,"Webomindapps - Web Design Company in Bangalore, Web Application Development,eCommerce Web Development (Owner)",https://www.google.com/maps/contrib/116785861711747502499,https://lh5.googleusercontent.com/p/AF1QipOwCTQKxHqfjK9iUUlUPeueumEzjU64zwrzEC1e=w408-h306-k-no,Website designer,"Website designer, E-commerce service, Graphic designer, Internet marketing service, Software company, Web hosting company",4.8,8:30 am-8:30 pm,Sunday,093533 70081,"24, 2nd floor, Webomindapps - Web Design Company in Bangalore, Web Application Development,eCommerce Web Development, 5th Cross Rd, KHB Colony, 5th Block, Koramangala, Bengaluru, Karnataka 560095","experience, understanding, service, happy, delivery, expectations, interaction, vendor, requirements, success","https://www.google.com/maps/place/Webomindapps+-+Web+Design+Company+in+Bangalore,+Web+Application+Development,eCommerce+Web+Development/data=!4m7!3m6!1s0x3bae144566a89929:0x6627168a1e5d981b!8m2!3d12.9352741!4d77.6224639!16s%2Fg%2F1pv5xxs9w!19sChIJKZmoZkUUrjsRG5hdHooWJ2Y?authuser=0&hl=en&rclk=1"
ChIJwbNTDUQUrjsRCrKZ4KUQEUA,"Vistas - Web Design Company in Bangalore, Web Development, SEO Services, Digital Marketing, eCommerce Website Developers",,False,115,"Name: TeNeEv - Website Development Company in Bangalore, Logo Designer in Bangalore, Online Marketing Company in Bangalore
link: https://www.google.com/maps/search/TeNeEv+-+Website+Development+Company+in+Bangalore%2C+Logo+Designer+in+Bangalore%2C+Online+Marketing+Company+in+Bangalore/@12.957162100000001,77.54364869999999?authuser=0&hl=en&entry=ttu
Reviews: 50 reviews

Name: GSearch | Logo Designers Company in Bangalore, Website Development, SEO, Graphics Video
link: https://www.google.com/maps/search/GSearch+%7C+Logo+Designers+Company+in+Bangalore%2C+Website+Development%2C+SEO%2C+Graphics+Video/@12.9372469,77.6109981?authuser=0&hl=en&entry=ttu
Reviews: 45 reviews

Name: Webgen
link: https://www.google.com/maps/search/Webgen/@12.919852299999999,77.6074941?authuser=0&hl=en&entry=ttu
Reviews: 37 reviews

Name: Vistas Web Technologies - Website Designers , SEO Services in Bangalore
link: https://www.google.com/maps/search/Vistas+Web+Technologies+-+Website+Designers+%2C+SEO+Services+in+Bangalore/@12.931759999999999,77.63568479999999?authuser=0&hl=en&entry=ttu
Reviews: 0 reviews",https://vistasadindia.com/,"Vistas - Web Design Company in Bangalore, Web Development, SEO Services, Digital Marketing, eCommerce Website Developers (Owner)",https://www.google.com/maps/contrib/117605809797848324032,https://lh5.googleusercontent.com/p/AF1QipOHcaU-XPxkGMGfr7eeod94ab4Um9TA17S0dauq=w408-h306-k-no,Website designer,"Website designer, Advertising agency, E - Commerce Agency, E-commerce service, Graphic designer, Internet marketing service, Marketing agency, Web hosting company",4.2,9:30 am-7:30 pm,Sunday,096866 97974,"Door No 313, Vistas - Web Design Company in Bangalore, Web Development, SEO Services, Digital Marketing, eCommerce Website Developers, 19th Main Road, 6th Block, Koramangala, Bengaluru, Karnataka 560095","media, project, experience, content, efficient, writing, money, creative","https://www.google.com/maps/place/Vistas+-+Web+Design+Company+in+Bangalore,+Web+Development,+SEO+Services,+Digital+Marketing,+eCommerce+Website+Developers/data=!4m7!3m6!1s0x3bae14440d53b3c1:0x401110a5e099b20a!8m2!3d12.9417141!4d77.6228144!16s%2Fg%2F1tf273bk!19sChIJwbNTDUQUrjsRCrKZ4KUQEUA?authuser=0&hl=en&rclk=1"
ChIJldXjtycVrjsRVcBF1rkF91k,W3 Dream Solutions (Website Development Company in Bangalore),,False,89,"Name: MARS WEB Solution
link: https://www.google.com/maps/search/MARS+WEB+Solution/@12.9186166,77.59345019999999?authuser=0&hl=en&entry=ttu
Reviews: 131 reviews

Name: Web Design Royale
link: https://www.google.com/maps/search/Web+Design+Royale/@12.973189,77.647582?authuser=0&hl=en&entry=ttu
Reviews: 55 reviews

Name: TeNeEv - Website Development Company in Bangalore, Logo Designer in Bangalore, Online Marketing Company in Bangalore
link: https://www.google.com/maps/search/TeNeEv+-+Website+Development+Company+in+Bangalore%2C+Logo+Designer+in+Bangalore%2C+Online+Marketing+Company+in+Bangalore/@12.957162100000001,77.54364869999999?authuser=0&hl=en&entry=ttu
Reviews: 50 reviews

Name: Webgen
link: https://www.google.com/maps/search/Webgen/@12.919852299999999,77.6074941?authuser=0&hl=en&entry=ttu
Reviews: 37 reviews",https://www.w3dreamsolutions.com/,W3 Dream Solutions (Website Development Company in Bangalore) (Owner),https://www.google.com/maps/contrib/109843859553610190196,https://lh5.googleusercontent.com/p/AF1QipPjiK47ERsZsGzY6ktuWrn6r6ea3oKVLNJGx4Rw=w491-h240-k-no,Website designer,"Website designer, Software company",4.8,10 am-7:30 pm,"Monday, Sunday",089707 72011,"W3 Dream Solutions (Website Development Company in Bangalore), No. 1375 , 2nd Floor, Alpinism Building 13th Cross, Anjaneyaswamy Temple Rd JP Nagar, 1st Phase, Sarakki, Bengaluru, Karnataka 560078","application, project, service provider, experience, requirements, understand",https://www.google.com/maps/place/W3+Dream+Solutions+%28Website+Development+Company+in+Bangalore%29/data=!4m7!3m6!1s0x3bae1527b7e3d595:0x59f705b9d645c055!8m2!3d12.9093808!4d77.5744618!16s%2Fg%2F11b6szqw5s!19sChIJldXjtycVrjsRVcBF1rkF91k?authuser=0&hl=en&rclk=1
